time,spot,pcr_volume,pcr_oi,call_volume,put_volume,call_oi,put_oi
2025-06-13 15:29:37,24739.1,0.7257844252568162,0.8069335648965532,1100587650,798789375,41630100,33592725
